{
    "data": [
        {
            "state": "AK",
            "elevation": 5.2,
            "distance": 1.3191503128723645,
            "PRCP": 3.767005856515373,
            "SNOW": 7.031625183016105,
            "SNWD": 21.612664714494876,
            "TMAX": 7.163762811127379,
            "TMIN": 2.3054904831625187,
            "TAVG": 0.0,
            "DAPR": 0.012298682284040996,
            "MDPR": 0.36076134699853585
        }
    ]
}